# EarthPulse analysis EP-2026-INDUSATLAYYAH-A6624,value kind: DERIVED
id,area_ha,vv_before_db,vv_flood_db,vv_change_db,centroid_lon,centroid_lat,passes_before,passes_flood
1,211.68,-10.909991264343262,-19.279233932495117,-8.369242668151855,70.81704514563367,31.22378275255402,3.0,2.0
2,209.28,-10.468184471130371,-18.770837783813477,-8.302653312683105,70.80619947206561,30.971498160041616,3.0,2.0
3,147.84,-11.559967994689941,-18.631155014038086,-7.071186542510986,70.78916895206417,31.094911849000564,3.0,2.0
4,139.84,-12.091222763061523,-19.49307632446289,-7.401854515075684,70.79193385476789,31.1765245359888,3.0,2.0
5,127.36,-11.04131031036377,-19.25898551940918,-8.217674255371094,70.83230750207271,30.932587274577973,3.0,2.0
6,113.6,-11.512882232666016,-19.61568832397461,-8.10280704498291,70.82776220953755,30.88150505142336,3.0,2.0
7,108.16,-11.6907320022583,-19.412065505981445,-7.721334934234619,70.81319870886392,31.00212811944527,3.0,2.0
8,105.92,-10.124942779541016,-18.207542419433594,-8.082599639892578,70.81563341709904,31.057231129818614,3.0,2.0
9,105.6,-11.603619575500488,-18.505210876464844,-6.901590824127197,70.72354632910155,30.76180969261292,3.0,2.0
10,91.52,-10.990018844604492,-18.355737686157227,-7.36571741104126,70.78861472644384,31.19891992375906,3.0,2.0
11,91.36,-10.573891639709473,-19.710664749145508,-9.136772155761719,70.82456483920099,30.908450665405617,3.0,2.0
12,82.72,-11.758929252624512,-19.565624237060547,-7.806697845458984,70.83618694700127,30.794420839638907,3.0,2.0
13,74.72,-11.746233940124512,-18.804492950439453,-7.058258056640625,70.82500841816363,30.86094577631326,3.0,2.0
14,71.84,-12.426462173461914,-18.577211380004883,-6.150749683380127,70.71210791445372,30.760993308673985,3.0,2.0
15,67.36,-12.862836837768555,-18.946760177612305,-6.083922863006592,70.80372151722628,31.16699846483027,3.0,2.0
16,62.56,-12.252772331237793,-20.036041259765625,-7.783267974853516,70.84865783171173,30.79554054290055,3.0,2.0
17,58.88,-13.49200439453125,-20.37018585205078,-6.87817907333374,70.84101035133641,30.867088701847,3.0,2.0
18,46.24,-12.076215744018555,-19.562763214111328,-7.486547946929932,70.82922281849102,31.044613189217234,3.0,2.0
19,45.6,-13.553986549377441,-19.13501739501953,-5.58103084564209,70.83666889419233,30.81159008993578,3.0,2.0
20,44.48,-12.448883056640625,-19.36540985107422,-6.91652774810791,70.76958002380124,31.22087951992002,3.0,2.0
21,44.16,-13.18467903137207,-20.37895393371582,-7.19427490234375,70.84503333606983,30.839814159328743,3.0,2.0
22,43.52,-13.772224426269531,-19.67160987854004,-5.89938497543335,70.85202443805376,30.763322548321003,3.0,2.0
23,42.72,-11.753382682800293,-19.34004783630371,-7.586666584014893,70.70260184209235,30.846857103893214,3.0,2.0
24,40.48,-12.289072036743164,-19.953510284423828,-7.6644368171691895,70.77524432069696,31.13935013815535,3.0,2.0
25,36.96,-12.97514820098877,-19.617448806762695,-6.642298221588135,70.81469163595682,31.246765650901594,3.0,2.0
26,36.48,-15.470293045043945,-20.24251365661621,-4.772220134735107,70.84590345787,30.779388677332744,3.0,2.0
27,27.04,-8.085203170776367,-18.943607330322266,-10.858403205871582,70.86572007006814,30.820802093035912,3.0,2.0
28,24.16,-9.471475601196289,-18.007904052734375,-8.53642749786377,70.78047332961633,31.12324117969662,3.0,2.0
29,23.84,-11.050345420837402,-18.178504943847656,-7.128157615661621,70.7064432372863,30.772283198414925,3.0,2.0
30,23.68,-12.869949340820312,-20.17747688293457,-7.307528972625732,70.76946832571261,31.177668320712193,3.0,2.0
31,23.68,-13.969866752624512,-19.97991371154785,-6.010046005249023,70.82170565872671,31.08298541448434,3.0,2.0
32,23.68,-10.905706405639648,-18.288837432861328,-7.383132457733154,70.72196040304698,30.838809999241008,3.0,2.0
33,23.52,-9.154129028320312,-18.348709106445312,-9.194578170776367,70.86287239291194,30.79496351120052,3.0,2.0
34,22.88,-12.275663375854492,-19.2044677734375,-6.928802967071533,70.83733453857631,30.8466806059062,3.0,2.0
35,22.4,-11.353983879089355,-19.04831886291504,-7.6943359375,70.82387644344436,30.93373125720772,3.0,2.0
36,21.92,-12.528611183166504,-18.419376373291016,-5.89076566696167,70.8059795659941,31.236492328522218,3.0,2.0
37,20.8,-12.95956802368164,-19.412494659423828,-6.4529242515563965,70.83428817956568,30.82789424845395,3.0,2.0
38,20.32,-14.09192943572998,-19.445894241333008,-5.353964328765869,70.77136340534771,31.24186488319994,3.0,2.0
39,20.16,-13.503218650817871,-19.332929611206055,-5.829712867736816,70.79910122950545,30.956497811879668,3.0,2.0
40,19.04,-11.526449203491211,-18.7910099029541,-7.264556407928467,70.78774531965297,31.239060561709785,3.0,2.0
41,17.28,-11.492467880249023,-18.114749908447266,-6.622280597686768,70.7162449562565,30.77577852286052,3.0,2.0
42,16.64,-15.629822731018066,-20.0316162109375,-4.401794910430908,70.84783912073352,30.770167485327402,3.0,2.0
43,16.48,-12.174903869628906,-19.017181396484375,-6.842279434204102,70.86019075067426,30.993519590084798,3.0,2.0
44,16.32,-11.149333953857422,-17.77712059020996,-6.627786159515381,70.7450182290832,31.224414650252616,3.0,2.0
45,16.32,-11.462875366210938,-18.225255966186523,-6.762379169464111,70.7224618187589,30.80513390634101,3.0,2.0
46,15.52,-12.71357536315918,-19.082721710205078,-6.369146347045898,70.85182682309977,31.038258392679648,3.0,2.0
47,15.52,-10.852538108825684,-18.49381446838379,-7.6412763595581055,70.79399639062477,30.970723348190802,3.0,2.0
48,15.52,-10.005378723144531,-18.680347442626953,-8.674969673156738,70.75073201344212,30.861929978007645,3.0,2.0
49,14.72,-13.40455436706543,-20.480253219604492,-7.075702667236328,70.82850497884029,30.89383330937555,3.0,2.0
50,14.56,-15.786721229553223,-20.178871154785156,-4.39215087890625,70.84550439438296,30.814479820234958,3.0,2.0
51,14.24,-10.819568634033203,-18.69341468811035,-7.873845100402832,70.80460621551303,30.921823059488805,3.0,2.0
52,14.08,-12.064189910888672,-19.844511032104492,-7.7803192138671875,70.80697451427349,30.943473014500725,3.0,2.0
53,13.76,-12.322449684143066,-20.414073944091797,-8.091623306274414,70.78055009755646,31.145232266631098,3.0,2.0
54,13.6,-13.316454887390137,-20.565120697021484,-7.248663902282715,70.77193561726499,31.18600299222108,3.0,2.0
55,13.6,-12.548501968383789,-19.961017608642578,-7.412517070770264,70.85480367526493,30.894475412221706,3.0,2.0
56,13.28,-7.776014804840088,-18.392709732055664,-10.616695404052734,70.86528772306616,30.802730792634414,3.0,2.0
57,13.12,-12.794370651245117,-18.754045486450195,-5.959676742553711,70.80510167491327,30.859775905833875,3.0,2.0
58,12.96,-12.596251487731934,-20.02764892578125,-7.431396484375,70.82788179721015,30.900583596108927,3.0,2.0
59,12.96,-12.00838851928711,-19.285968780517578,-7.277580261230469,70.81730464742131,30.76899516620003,3.0,2.0
60,12.64,-12.02505874633789,-19.52899742126465,-7.503937721252441,70.86456446555611,31.008996415371545,3.0,2.0
61,12.48,-12.078083038330078,-20.09190559387207,-8.013825416564941,70.7649290471539,31.198432286059962,3.0,2.0
62,12.48,-12.12204647064209,-19.539241790771484,-7.41719388961792,70.76431739200014,31.178811984514276,3.0,2.0
63,12.48,-11.366331100463867,-19.162776947021484,-7.796445369720459,70.80558816951748,30.929684467960325,3.0,2.0
64,12.48,-11.855978965759277,-18.431434631347656,-6.575453758239746,70.70663029169744,30.764190700032806,3.0,2.0
65,12.16,-11.096022605895996,-19.330883026123047,-8.234861373901367,70.79945560309005,31.22128364138367,3.0,2.0
66,12.16,-10.96285343170166,-19.503585815429688,-8.540733337402344,70.78275496303493,31.218069333215375,3.0,2.0
67,12.16,-10.660902976989746,-18.71746063232422,-8.056557655334473,70.85769825589666,30.981659026367304,3.0,2.0
68,11.68,-12.53663158416748,-19.56559181213379,-7.028961658477783,70.83481824422459,30.838612868993057,3.0,2.0
69,11.52,-10.156984329223633,-17.71453094482422,-7.557546138763428,70.74206755617841,31.22953204934028,3.0,2.0
70,11.52,-11.957061767578125,-18.80433464050293,-6.847272872924805,70.7569871922952,30.802160224387112,3.0,2.0
71,11.36,-12.067391395568848,-18.388423919677734,-6.3210296630859375,70.71196732694283,31.16555495766597,3.0,2.0
72,11.2,-11.535165786743164,-18.680360794067383,-7.145193099975586,70.81562535130544,31.03552559766669,3.0,2.0
73,11.2,-11.875625610351562,-19.398754119873047,-7.523128986358643,70.81338788119866,30.893827269016636,3.0,2.0
74,11.2,-9.153732299804688,-19.211339950561523,-10.057607650756836,70.86069200044298,30.809531871216336,3.0,2.0
75,11.04,-12.322820663452148,-19.076444625854492,-6.753623962402344,70.86334178783163,30.933534933161102,3.0,2.0
76,10.88,-13.078437805175781,-19.07615852355957,-5.997722148895264,70.85811759254145,30.78853195178595,3.0,2.0
77,10.72,-16.43805503845215,-20.736148834228516,-4.298095226287842,70.8399629558918,30.8289722427882,3.0,2.0
78,10.56,-11.372647285461426,-18.141101837158203,-6.768453121185303,70.79117182831564,31.13698210394458,3.0,2.0
79,10.56,-12.40629768371582,-18.598602294921875,-6.192306995391846,70.8038536626831,31.090360787005814,3.0,2.0
80,10.56,-11.142576217651367,-18.348878860473633,-7.206303119659424,70.81325716918104,31.04725055390193,3.0,2.0
81,10.56,-13.392318725585938,-18.877357482910156,-5.485038757324219,70.7375815755066,30.751329872255482,3.0,2.0
82,10.4,-11.838214874267578,-19.24020767211914,-7.401994228363037,70.77983925867194,31.209615393437776,3.0,2.0
83,10.4,-13.238862991333008,-20.17900848388672,-6.94014310836792,70.80552906879718,31.078007010672785,3.0,2.0
84,10.4,-8.9979829788208,-18.249435424804688,-9.251449584960938,70.86010567361807,30.81698650230806,3.0,2.0
85,10.4,-16.33407974243164,-20.060958862304688,-3.726879119873047,70.84987371853737,30.774774736738223,3.0,2.0
86,10.24,-12.811708450317383,-19.098567962646484,-6.286860466003418,70.81279286973917,31.051900346523574,3.0,2.0
87,9.92,-15.265432357788086,-20.433683395385742,-5.168250560760498,70.76996339611176,31.19524450583633,3.0,2.0
88,9.76,-10.443985939025879,-17.66295623779297,-7.21897029876709,70.71334083864545,30.832977727192397,3.0,2.0
89,9.28,-9.186906814575195,-17.71284294128418,-8.525935173034668,70.73584131685843,31.188654198713262,3.0,2.0
90,9.28,-11.589924812316895,-19.15097427368164,-7.561046600341797,70.82513961167456,30.867675928067882,3.0,2.0
91,9.28,-10.819356918334961,-19.150060653686523,-8.330706596374512,70.82463056737083,30.785129095066225,3.0,2.0
92,9.12,-12.431167602539062,-20.629512786865234,-8.198346138000488,70.83995433087755,30.857619342174647,3.0,2.0
93,8.96,-13.23297119140625,-18.67800521850586,-5.445034503936768,70.80313891802919,31.157337108655415,3.0,2.0
94,8.96,-13.652070045471191,-19.368391036987305,-5.716319561004639,70.82108427933746,31.0777583837432,3.0,2.0
95,8.96,-8.882468223571777,-19.285306930541992,-10.402838706970215,70.85510491415445,30.81131959633942,3.0,2.0
96,8.8,-12.948616981506348,-20.700849533081055,-7.752236843109131,70.76808347999547,31.235190018451785,3.0,2.0
97,8.64,-10.027628898620605,-18.0435791015625,-8.015950202941895,70.7366176311671,31.180997614960713,3.0,2.0
98,8.64,-11.681877136230469,-18.149940490722656,-6.468062877655029,70.86064056043422,30.945549277940938,3.0,2.0
99,8.32,-14.116673469543457,-20.091203689575195,-5.974526405334473,70.84895791539762,30.81308928687252,3.0,2.0
100,8.16,-13.285102844238281,-18.891883850097656,-5.606781005859375,70.807602734904,31.053836319365452,3.0,2.0
101,8.0,-13.328268051147461,-20.00724220275879,-6.678977012634277,70.77388294842183,31.169260002791816,3.0,2.0
102,8.0,-8.156266212463379,-17.984210968017578,-9.827942848205566,70.75993517210847,30.82086439049064,3.0,2.0
103,7.84,-11.11960506439209,-18.96154022216797,-7.8419365882873535,70.76788868378107,31.248972449832344,3.0,2.0
104,7.84,-11.122840881347656,-18.307382583618164,-7.184543609619141,70.72739944365968,31.18974139791316,3.0,2.0
105,7.84,-9.172636985778809,-18.164060592651367,-8.991423606872559,70.80714249351831,31.021305202544262,3.0,2.0
106,7.68,-11.824505805969238,-17.86685562133789,-6.042349338531494,70.77267110306903,30.75113321334011,3.0,2.0
107,7.52,-11.647540092468262,-17.740774154663086,-6.093231201171875,70.74322891933676,31.232519768752955,3.0,2.0
108,7.52,-8.810673713684082,-17.91411781311035,-9.10344409942627,70.72502198132008,30.99929051694707,3.0,2.0
109,7.52,-13.471169471740723,-19.112035751342773,-5.640867710113525,70.85316163285644,30.950966321868417,3.0,2.0
110,7.36,-14.071844100952148,-19.946924209594727,-5.875082969665527,70.80040789036991,30.999473291244392,3.0,2.0
111,7.36,-9.225105285644531,-17.440841674804688,-8.215736389160156,70.79960952082163,30.77884009159029,3.0,2.0
112,7.2,-14.08715534210205,-18.868783950805664,-4.78162956237793,70.7874719748744,31.245824896430815,3.0,2.0
113,7.2,-12.136741638183594,-18.064756393432617,-5.928013801574707,70.80344551964414,31.08516598525129,3.0,2.0
114,7.2,-11.720035552978516,-17.868566513061523,-6.148533344268799,70.72085376991093,30.78642435741334,3.0,2.0
115,7.2,-10.56065559387207,-17.861188888549805,-7.300532817840576,70.74971890430135,30.753416086901478,3.0,2.0
116,7.04,-12.750665664672852,-19.04119110107422,-6.290524482727051,70.81441818279744,31.076798525501694,3.0,2.0
117,7.04,-12.881043434143066,-18.222862243652344,-5.341817855834961,70.70998079605573,30.776451514121376,3.0,2.0
118,6.88,-8.681653022766113,-17.604551315307617,-8.922898292541504,70.76282319886627,31.131319422133,3.0,2.0
119,6.88,-11.493041038513184,-18.229034423828125,-6.735995292663574,70.80409842070412,31.052932362885244,3.0,2.0
120,6.88,-11.657439231872559,-19.292400360107422,-7.6349616050720215,70.86040701280318,31.030851440132267,3.0,2.0
121,6.72,-12.800614356994629,-17.83344268798828,-5.032828330993652,70.70527836249828,31.163761141030246,3.0,2.0
122,6.72,-13.505279541015625,-19.668710708618164,-6.163435459136963,70.84351156113505,30.76676753144824,3.0,2.0
123,6.56,-15.42954158782959,-20.382356643676758,-4.952815532684326,70.8097509406216,31.225036825674614,3.0,2.0
124,6.56,-10.506908416748047,-18.3844051361084,-7.87749719619751,70.82508650055352,31.214083127252955,3.0,2.0
125,6.4,-10.240514755249023,-17.607898712158203,-7.367383003234863,70.74488254671404,31.21908068003247,3.0,2.0
126,6.4,-12.597322463989258,-19.619762420654297,-7.022442817687988,70.8219950134133,31.092684228020538,3.0,2.0
127,6.4,-13.687626838684082,-19.723026275634766,-6.035398006439209,70.85456936557051,30.903067394406275,3.0,2.0
128,6.24,-9.25951099395752,-18.09262466430664,-8.833118438720703,70.817206321781,31.18488557791869,3.0,2.0
129,6.24,-12.74458122253418,-18.913421630859375,-6.168842315673828,70.77013594309462,31.169960909992653,3.0,2.0
130,6.24,-10.407126426696777,-20.21256446838379,-9.805439949035645,70.79934092803236,31.097712125894326,3.0,2.0
131,6.24,-13.142074584960938,-18.817527770996094,-5.675454139709473,70.80158951811237,31.065880491842194,3.0,2.0
132,6.24,-11.80751895904541,-18.132307052612305,-6.324790000915527,70.83635073452803,31.048032858489783,3.0,2.0
133,6.24,-12.71518611907959,-18.393714904785156,-5.678526878356934,70.80270121784774,30.936562353351114,3.0,2.0
134,6.24,-15.156352996826172,-20.252609252929688,-5.096251487731934,70.84313733986689,30.85321953964948,3.0,2.0
135,6.24,-11.841776847839355,-17.983503341674805,-6.141725063323975,70.7220150243381,30.776413966131887,3.0,2.0
136,6.08,-13.643089294433594,-19.825525283813477,-6.182435989379883,70.76212291971387,31.247643188362936,3.0,2.0
137,6.08,-10.019587516784668,-18.512788772583008,-8.493202209472656,70.82499836462189,30.941724941279542,3.0,2.0
138,6.08,-16.337661743164062,-20.46166229248047,-4.124002456665039,70.84149397090212,30.87692810805074,3.0,2.0
139,5.92,-14.246100425720215,-19.8580265045166,-5.611926078796387,70.84293197198616,30.822359763326766,3.0,2.0
140,5.92,-8.781661987304688,-18.131500244140625,-9.349838256835938,70.79592778083837,30.80327053627319,3.0,2.0
141,5.76,-10.572452545166016,-17.75809097290039,-7.185636520385742,70.7456299231636,31.14627497624339,3.0,2.0
142,5.76,-9.15805435180664,-18.032894134521484,-8.874839782714844,70.75628657251893,31.13262856261548,3.0,2.0
143,5.76,-12.647417068481445,-18.014739990234375,-5.36732292175293,70.78782860606255,31.112699198365675,3.0,2.0
144,5.6,-11.952845573425293,-19.935264587402344,-7.982419490814209,70.82086789789628,30.885721679800184,3.0,2.0
145,5.6,-14.45801830291748,-19.933988571166992,-5.475967884063721,70.85041747077854,30.880064977247667,3.0,2.0
146,5.44,-11.975004196166992,-18.365737915039062,-6.390734672546387,70.80912515003452,31.04243434507727,3.0,2.0
147,5.44,-12.05666446685791,-17.534587860107422,-5.477921009063721,70.80093009874788,30.93238504468786,3.0,2.0
148,5.28,-13.814287185668945,-19.317771911621094,-5.503484725952148,70.8653015298159,31.014333796496818,3.0,2.0
149,5.28,-12.724944114685059,-17.459762573242188,-4.7348198890686035,70.701021488532,30.963098647921367,3.0,2.0
150,5.28,-13.483410835266113,-19.82762908935547,-6.3442182540893555,70.85676218445796,30.890633541151313,3.0,2.0
151,5.28,-12.364544868469238,-18.25789451599121,-5.893349647521973,70.71737596052304,30.77104739713334,3.0,2.0
152,5.12,-9.482013702392578,-17.58328628540039,-8.101272583007812,70.74717580281418,31.208650619538286,3.0,2.0
153,5.12,-10.110260009765625,-18.50173568725586,-8.391475677490234,70.81934102155947,31.191976345624774,3.0,2.0
154,5.12,-12.893285751342773,-18.234031677246094,-5.3407440185546875,70.81979274360816,31.07352544544246,3.0,2.0
155,5.12,-16.121232986450195,-20.839975357055664,-4.718742847442627,70.8412148641537,30.848653018529067,3.0,2.0
156,5.12,-12.403560638427734,-18.919017791748047,-6.515456676483154,70.82738627513237,30.79204873327775,3.0,2.0
157,4.96,-9.5684175491333,-17.46576499938965,-7.897348880767822,70.73955268747017,31.21864248170127,3.0,2.0
158,4.96,-10.765053749084473,-17.679542541503906,-6.914485931396484,70.79704004829775,31.05396155447123,3.0,2.0
159,4.96,-12.869388580322266,-19.90046501159668,-7.031077861785889,70.80906315371973,30.936775197800063,3.0,2.0
160,4.96,-11.238696098327637,-18.103105545043945,-6.864409446716309,70.71118479880049,30.8601045563197,3.0,2.0
161,4.8,-9.740398406982422,-17.35165786743164,-7.611259460449219,70.74290693185499,31.209996283916627,3.0,2.0
162,4.8,-9.745440483093262,-17.69740867614746,-7.951967239379883,70.76364934235944,31.146771148520862,3.0,2.0
163,4.8,-13.185013771057129,-17.96641731262207,-4.781404495239258,70.86192942436654,30.93989089557493,3.0,2.0
164,4.8,-10.310315132141113,-17.3374080657959,-7.027091979980469,70.7866902779574,30.761103525103415,3.0,2.0
165,4.64,-12.792654037475586,-19.90961265563965,-7.116959095001221,70.77414446651576,31.20565097469257,3.0,2.0
166,4.64,-13.466410636901855,-19.009824752807617,-5.543413162231445,70.77793637272305,31.163803680857633,3.0,2.0
167,4.64,-12.222982406616211,-18.23756217956543,-6.0145769119262695,70.74084518868872,31.149279725922344,3.0,2.0
168,4.64,-14.535500526428223,-19.755937576293945,-5.220437526702881,70.82835168740783,30.889455671412104,3.0,2.0
169,4.64,-16.299732208251953,-20.214460372924805,-3.914731025695801,70.8543718082444,30.770552923052627,3.0,2.0
170,4.64,-10.166765213012695,-18.098899841308594,-7.9321370124816895,70.72796801053043,30.769175884507565,3.0,2.0
171,4.48,-12.588589668273926,-19.440210342407227,-6.851621150970459,70.76705502867851,31.167889432621084,3.0,2.0
172,4.48,-10.078394889831543,-17.57048797607422,-7.492092132568359,70.71979194740695,30.99949820454659,3.0,2.0
173,4.32,-13.791787147521973,-19.073850631713867,-5.282063007354736,70.8193710593791,31.163275826668375,3.0,2.0
174,4.32,-14.127974510192871,-19.077926635742188,-4.949953556060791,70.79987468736826,31.088829644139334,3.0,2.0
175,4.16,-13.51851749420166,-19.33871841430664,-5.820199966430664,70.78954429578731,31.23124736086397,3.0,2.0
176,4.16,-11.972681045532227,-17.553865432739258,-5.581186294555664,70.81139407856628,31.20827827587517,3.0,2.0
177,4.16,-10.46639347076416,-17.619352340698242,-7.152958393096924,70.73678902562546,31.141607960182384,3.0,2.0
178,4.16,-10.533124923706055,-17.308137893676758,-6.7750139236450195,70.82972259575983,31.065558355323073,3.0,2.0
179,4.16,-11.926046371459961,-19.6806583404541,-7.754612445831299,70.85519698233207,30.959163224336535,3.0,2.0
180,4.0,-10.988603591918945,-18.3408260345459,-7.352222442626953,70.79877296125343,31.152207786394353,3.0,2.0
181,4.0,-11.855816841125488,-18.37491798400879,-6.519102573394775,70.75380632465378,30.973762070564813,3.0,2.0
182,4.0,-8.89410400390625,-18.8447322845459,-9.950626373291016,70.86737972312433,30.813355495114248,3.0,2.0
183,4.0,-12.712240219116211,-19.3570499420166,-6.644809722900391,70.83104545578927,30.808345919537743,3.0,2.0
184,3.84,-9.293593406677246,-17.335092544555664,-8.04150104522705,70.75005215120734,31.218793927148624,3.0,2.0
185,3.84,-10.985369682312012,-17.822620391845703,-6.837249755859375,70.73915101012184,31.184271102287596,3.0,2.0
186,3.84,-11.893467903137207,-17.54404067993164,-5.650572299957275,70.71686495198854,31.18005986571408,3.0,2.0
187,3.84,-8.798262596130371,-18.746023178100586,-9.947759628295898,70.8664722848995,30.81028211867405,3.0,2.0
188,3.84,-10.245736122131348,-18.47319221496582,-8.227457046508789,70.87331712239099,30.771617672947578,3.0,2.0
189,3.84,-10.837597846984863,-17.334476470947266,-6.496877193450928,70.75021758247136,30.76724839007153,3.0,2.0
190,3.68,-9.300512313842773,-17.587047576904297,-8.28653621673584,70.82084137966208,31.210041361063066,3.0,2.0
191,3.68,-11.342719078063965,-17.811023712158203,-6.468307018280029,70.7286362463955,31.184533079854837,3.0,2.0
192,3.68,-9.786282539367676,-18.76424789428711,-8.977965354919434,70.73485301815127,31.152177564744235,3.0,2.0
193,3.68,-13.18064022064209,-19.169448852539062,-5.9888081550598145,70.80954392326483,31.070870740447866,3.0,2.0
194,3.68,-13.27445125579834,-17.382226943969727,-4.107773303985596,70.80790470992353,30.89423662283383,3.0,2.0
195,3.68,-13.495948791503906,-19.27659797668457,-5.780648708343506,70.85454505951625,30.869384029308307,3.0,2.0
196,3.68,-9.750287055969238,-18.030637741088867,-8.280350685119629,70.92566577114195,30.855151088169542,3.0,2.0
197,3.68,-10.701150894165039,-18.1256103515625,-7.4244585037231445,70.73121914772251,30.783764481889605,3.0,2.0
198,3.52,-7.687809467315674,-17.698211669921875,-10.010400772094727,70.83673274059348,31.23348611507023,3.0,2.0
199,3.52,-14.205626487731934,-20.675230026245117,-6.469605922698975,70.81180770352385,31.222654037902338,3.0,2.0
200,3.52,-10.965237617492676,-19.5041561126709,-8.538921356201172,70.80206693378399,31.19712251240966,3.0,2.0
