# EarthPulse analysis EP-2026-LAHOREDISTRICT-2EBD2,value kind: DERIVED
id,direction,area_ha,ndvi_before,ndvi_after,ndvi_change,centroid_lon,centroid_lat,clear_obs_before,clear_obs_after
1,decrease,1093.32,0.546233594417572,0.21809445321559906,-0.3281390964984894,74.36922268718403,31.615912621417785,3.0,3.0
2,increase,888.84,0.25749102234840393,0.5000491738319397,0.242558091878891,74.06581221714585,31.34318075848252,3.0,3.0
3,decrease,647.28,0.4228819012641907,0.1599159836769104,-0.2629659175872803,74.47879324217605,31.59388623250206,3.0,3.0
4,increase,581.04,0.12914696335792542,0.4458368718624115,0.31668993830680847,74.209665704149,31.49021101639028,3.0,3.0
5,increase,408.96,0.23074007034301758,0.458128422498703,0.22738835215568542,74.35240230411904,31.559884208916664,3.0,3.0
6,decrease,396.0,0.4602498412132263,0.20687368512153625,-0.2533761262893677,74.25843354685638,31.588172495876858,3.0,3.0
7,increase,395.28,0.26921600103378296,0.528292179107666,0.2590761184692383,74.08966406244149,31.392800697139794,3.0,3.0
8,decrease,357.48,0.4503723084926605,0.20081494748592377,-0.24955736100673676,74.1855794273666,31.375003131148205,3.0,3.0
9,increase,341.64,0.07247715443372726,0.32407912611961365,0.2516019940376282,74.25089415635045,31.541660148750267,3.0,3.0
10,increase,324.0,0.2092093527317047,0.41452521085739136,0.20531585812568665,74.39282200870952,31.505839344692046,3.0,3.0
11,increase,315.72,0.23784801363945007,0.4964389503002167,0.2585909366607666,74.32845313396489,31.27839461630388,3.0,3.0
12,increase,310.68,0.17216834425926208,0.38525983691215515,0.21309152245521545,74.4502391184748,31.546276564905757,3.0,3.0
13,increase,263.16,0.19789622724056244,0.4158572852611542,0.21796105802059174,74.54575509441918,31.457754606930116,6.0,6.0
14,increase,249.84,0.17219236493110657,0.41135093569755554,0.239158496260643,74.5174903635923,31.34894085850771,6.0,6.0
15,increase,244.8,0.20609413087368011,0.42193299531936646,0.21583886444568634,74.51969836100591,31.51373124937449,6.0,6.0
16,increase,244.8,0.24973781406879425,0.498828649520874,0.24909085035324097,74.30475128334464,31.286901507363844,3.0,3.0
17,decrease,232.56,0.41364485025405884,0.16036681830883026,-0.2532780170440674,74.19158470065945,31.459529399071556,3.0,3.0
18,decrease,232.2,0.48180803656578064,0.22786027193069458,-0.25394776463508606,74.23186037778781,31.439874757948107,3.0,3.0
19,increase,224.64,0.2848372459411621,0.5128978490829468,0.22806060314178467,74.07899022128906,31.36899218809356,3.0,3.0
20,decrease,208.8,0.593666136264801,0.3380422592163086,-0.25562387704849243,74.46738524838447,31.63666309361775,3.0,3.0
21,increase,208.8,0.16643519699573517,0.407011479139328,0.24057632684707642,74.31559733702755,31.41998967580093,3.0,3.0
22,decrease,187.56,0.41289034485816956,0.1564878523349762,-0.25640252232551575,74.44521868539458,31.595080620113524,3.0,3.0
23,decrease,186.84,0.495751291513443,0.23047225177288055,-0.26527902483940125,74.15903043112341,31.38926793788346,3.0,3.0
24,increase,185.4,0.2248632311820984,0.4460960030555725,0.22123278677463531,74.36785946630725,31.627341548380453,3.0,3.0
25,increase,184.32,0.16398398578166962,0.3597763776779175,0.19579237699508667,74.47068115520601,31.332759727286714,6.0,9.0
26,increase,169.92,0.20365725457668304,0.42505767941474915,0.2214004099369049,74.5061646963949,31.530223574783083,5.0,4.0
27,increase,167.76,0.204454705119133,0.43911585211753845,0.23466111719608307,74.45830381914111,31.41376886798628,3.0,3.0
28,increase,165.6,0.23226702213287354,0.4821621775627136,0.2498951405286789,74.13390256405155,31.376245183173808,3.0,3.0
29,increase,162.36,0.14687886834144592,0.3704395294189453,0.2235606163740158,74.41849256390452,31.513196983975323,3.0,3.0
30,decrease,160.2,0.40143439173698425,0.14956147968769073,-0.2518729269504547,74.26940711134716,31.559752873894965,3.0,3.0
31,increase,156.96,0.23824258148670197,0.4739739000797272,0.2357313185930252,74.45380897434063,31.508835475579232,3.0,3.0
32,decrease,155.16,0.5190697312355042,0.2654704749584198,-0.25359922647476196,74.46722482708806,31.615728265489956,3.0,3.0
33,decrease,151.2,0.5046266317367554,0.23609426617622375,-0.2685323655605316,74.4173253631302,31.627862057147244,3.0,3.0
34,increase,148.68,0.21378470957279205,0.4382372200489044,0.22445254027843475,74.48862806432896,31.5106745774099,4.0,3.0
35,increase,146.88,0.16722597181797028,0.3942110538482666,0.22698506712913513,74.50531962515726,31.459204228321344,6.0,6.0
36,decrease,146.16,0.5311949849128723,0.25610947608947754,-0.2750855088233948,74.19988048463067,31.410658086408276,3.0,3.0
37,increase,145.08,0.15013252198696136,0.39512449502944946,0.2449919581413269,74.43285234463691,31.332941332819843,3.0,3.0
38,decrease,138.24,0.45657268166542053,0.21292953193187714,-0.24364317953586578,74.16006775063704,31.36580977874452,3.0,3.0
39,increase,137.88,0.20010888576507568,0.413314551115036,0.21320566534996033,74.36595316318243,31.513101655491013,3.0,3.0
40,decrease,131.4,0.3414319157600403,0.11571895331144333,-0.22571295499801636,74.41731700743435,31.579852419604023,3.0,3.0
41,decrease,125.64,0.4041796922683716,0.07219334691762924,-0.33198633790016174,74.22900759801216,31.531457813896314,3.0,3.0
42,increase,124.92,0.33262521028518677,0.5874347686767578,0.25480958819389343,74.11954005909745,31.394971969446154,3.0,3.0
43,increase,123.84,0.228939950466156,0.44679322838783264,0.21785330772399902,74.30214509142529,31.503268354801058,3.0,3.0
44,decrease,117.36,0.5141650438308716,0.26941779255867004,-0.24474729597568512,74.4859125099734,31.47174258489592,5.0,4.0
45,decrease,117.0,0.39147135615348816,0.09146227687597275,-0.3000091016292572,74.11877301974982,31.4130539226752,3.0,3.0
46,decrease,114.12,0.4943176507949829,0.23573029041290283,-0.25858739018440247,74.43565590086497,31.617666440463328,3.0,3.0
47,increase,110.88,0.15941737592220306,0.41151881217956543,0.25210145115852356,74.24551055228639,31.520248064016823,3.0,3.0
48,increase,110.16,0.20307010412216187,0.4092249274253845,0.20615483820438385,74.36698409027179,31.54161244437641,3.0,3.0
49,increase,105.12,0.15717193484306335,0.4075426459312439,0.25037071108818054,74.33072875033167,31.449579228836654,3.0,3.0
50,decrease,104.4,0.5535693168640137,0.2601008415222168,-0.2934684455394745,74.51185384726053,31.560315065385872,5.0,4.0
51,decrease,103.68,0.4281793236732483,0.19587713479995728,-0.23230218887329102,74.4498153494573,31.465425475187036,3.0,3.0
52,decrease,101.52,0.3931185007095337,0.15485779941082,-0.2382606863975525,74.47174841762622,31.455467655590034,3.0,3.0
53,increase,100.44,0.23860591650009155,0.4328402876853943,0.19423435628414154,74.39021090982727,31.528957437454064,3.0,3.0
54,decrease,100.08,0.555479109287262,0.3087466061115265,-0.24673253297805786,74.36839186535205,31.63437999019022,3.0,3.0
55,increase,97.92,0.3133447468280792,0.5338892340660095,0.2205444723367691,74.13284527728136,31.40679601542683,3.0,3.0
56,increase,95.04,0.1669129729270935,0.3765864074230194,0.20967340469360352,74.43781424134698,31.35935409786517,3.0,3.0
57,decrease,93.6,0.45378583669662476,0.20196938514709473,-0.25181639194488525,74.26214571193636,31.339694716675922,3.0,3.0
58,increase,92.16,0.26736533641815186,0.5125137567520142,0.24514836072921753,74.48257508820848,31.678248916042858,3.0,3.0
59,decrease,92.16,0.38497281074523926,0.14773854613304138,-0.23723427951335907,74.41854035489568,31.56061061450398,3.0,3.0
60,increase,87.12,0.11045602709054947,0.297463595867157,0.18700756132602692,74.29632925432472,31.40344836145064,3.0,3.0
61,decrease,86.76,0.4157332181930542,0.15914508700370789,-0.2565881311893463,74.1417633080926,31.41857220457332,3.0,3.0
62,decrease,86.4,0.5598285794258118,0.2594960033893585,-0.30033260583877563,74.20962920805339,31.391727732643318,3.0,3.0
63,decrease,85.32,0.5679442286491394,0.3084076941013336,-0.25953662395477295,74.40091219368044,31.632975535333262,3.0,3.0
64,decrease,84.24,0.3553082048892975,0.09900122135877609,-0.25630703568458557,74.27887128013835,31.60890376665854,3.0,3.0
65,decrease,83.52,0.4360921084880829,0.12042221426963806,-0.3156698942184448,74.28217953747951,31.579471693590847,3.0,3.0
66,increase,83.16,0.1735764890909195,0.40817761421203613,0.23460114002227783,74.03913592883286,31.274136243387307,3.0,3.0
67,increase,82.08,0.2049141526222229,0.4539415240287781,0.24902737140655518,74.20269814506133,31.329847064756024,3.0,3.0
68,decrease,81.0,0.4976142644882202,0.2280021458864212,-0.2696121335029602,74.09045406740853,31.271206958437062,3.0,3.0
69,decrease,79.92,0.36481985449790955,0.11172853410243988,-0.2530912756919861,74.3862712353295,31.603333471711718,3.0,3.0
70,increase,79.92,0.18853925168514252,0.4180545210838318,0.22951529920101166,74.11146176474259,31.369036759665228,3.0,3.0
71,increase,76.32,0.09855041652917862,0.3330867290496826,0.2345362901687622,74.17123621285525,31.246633365310757,3.0,3.0
72,increase,75.6,0.20019838213920593,0.40247642993927,0.20227806270122528,74.49332839803539,31.415090490012208,6.0,6.0
73,increase,73.8,0.1883905977010727,0.41010475158691406,0.22171415388584137,74.37762641715474,31.27087641431846,3.0,3.0
74,decrease,73.44,0.5039058923721313,0.266056090593338,-0.23784981667995453,74.20599807758434,31.422967144554377,3.0,3.0
75,decrease,73.08,0.42840608954429626,0.1902056783437729,-0.23820042610168457,74.4533161505686,31.52638608885919,3.0,3.0
76,decrease,72.0,0.42590880393981934,0.1812676638364792,-0.24464116990566254,74.24435246035301,31.494921289171245,3.0,3.0
77,decrease,71.28,0.5027962327003479,0.24880599975585938,-0.25399020314216614,74.44139713527953,31.517443638584204,3.0,3.0
78,increase,71.28,0.09671898931264877,0.37736791372299194,0.2806489169597626,74.11559852769335,31.41781247838361,3.0,3.0
79,decrease,70.56,0.320403516292572,0.0645475685596466,-0.255855917930603,74.01297834342161,31.32540765723464,3.0,3.0
80,increase,70.56,0.12070192396640778,0.345767080783844,0.2250651866197586,74.17776153666256,31.29940790365042,3.0,3.0
81,increase,69.84,0.052931156009435654,0.29591402411460876,0.24298284947872162,74.32213977624357,31.616481058928947,3.0,3.0
82,decrease,69.84,0.5622748136520386,0.30717185139656067,-0.2551029622554779,74.55134380493502,31.58747040886299,6.0,6.0
83,increase,69.12,0.3380105495452881,0.5688943266868591,0.23088379204273224,74.09625521003237,31.30425879269817,3.0,3.0
84,increase,68.4,0.22506673634052277,0.4485304653644562,0.22346371412277222,74.56376401955134,31.4278070741911,6.0,6.0
85,increase,67.32,0.20711883902549744,0.473871648311615,0.26675283908843994,74.18103635316203,31.315156546814165,3.0,3.0
86,decrease,66.6,0.5945636034011841,0.3463321030139923,-0.24823147058486938,74.59323118354956,31.482570502730262,6.0,6.0
87,increase,63.0,0.20597010850906372,0.4373372197151184,0.2313670516014099,74.30140904002553,31.32112953797428,3.0,3.0
88,increase,62.28,0.275317519903183,0.5246400237083435,0.24932250380516052,74.08637240555382,31.29188780635703,3.0,3.0
89,increase,61.56,0.2180538922548294,0.41240766644477844,0.1943538337945938,74.55606248905781,31.56409316613203,6.0,6.0
90,increase,61.56,0.29066914319992065,0.5168376564979553,0.22616854310035706,74.06316826528347,31.32566756889451,3.0,3.0
91,increase,61.2,0.1169365793466568,0.32560107111930847,0.20866447687149048,74.26718152095187,31.414610188675937,3.0,3.0
92,decrease,60.84,0.4483311176300049,0.19955338537693024,-0.24877773225307465,74.43085928406684,31.447939018446558,3.0,3.0
93,increase,60.48,0.20453497767448425,0.40348589420318604,0.1989508867263794,74.5463295296171,31.511387273854254,6.0,6.0
94,increase,59.76,0.1176600530743599,0.3149000108242035,0.1972399801015854,74.32153235602189,31.366142884278798,3.0,3.0
95,increase,59.4,0.191353440284729,0.4018980860710144,0.210544615983963,74.47937393903356,31.398843779564,6.0,5.0
96,increase,57.96,0.19770337641239166,0.4168403446674347,0.21913696825504303,74.54761569031133,31.5377909872468,6.0,6.0
97,increase,57.96,0.18149252235889435,0.38533246517181396,0.20383994281291962,74.5461016840123,31.40498435429387,6.0,6.0
98,increase,57.6,0.10547079890966415,0.290372759103775,0.18490195274353027,74.26600429625326,31.393546958728862,3.0,3.0
99,increase,56.16,0.1930350810289383,0.4254657030105591,0.23243065178394318,74.2228093498644,31.513063565888434,3.0,3.0
100,decrease,55.44,0.3348935544490814,0.11386222392320633,-0.2210313379764557,74.36839040323979,31.449154909814396,3.0,3.0
101,decrease,55.44,0.5113102197647095,0.25337088108062744,-0.2579393684864044,74.18401694764069,31.405347822477793,3.0,3.0
102,increase,55.08,0.23758959770202637,0.43728184700012207,0.1996922492980957,74.57947774052505,31.473356618815732,6.0,6.0
103,increase,55.08,0.3030400574207306,0.5340669751167297,0.23102694749832153,74.12215811408186,31.3825253908773,3.0,3.0
104,increase,54.0,-0.0007378965383395553,0.23883642256259918,0.23957432806491852,74.28428467834986,31.591473224699936,3.0,3.0
105,decrease,52.2,0.420144647359848,0.1676209270954132,-0.2525237500667572,74.21197172491948,31.251854615113896,3.0,3.0
106,increase,51.84,0.11788900941610336,0.30997079610824585,0.19208179414272308,74.27956200478961,31.405554402776605,3.0,3.0
107,increase,51.48,0.09206987172365189,0.3836539089679718,0.2915840744972229,74.22704179134797,31.542479272410738,3.0,3.0
108,decrease,51.12,0.5767396688461304,0.32569244503974915,-0.2510472238063812,74.44458054993495,31.643038322612504,3.0,3.0
109,increase,50.4,0.12712505459785461,0.30353328585624695,0.17640821635723114,74.22339436267491,31.2829551176331,3.0,3.0
110,increase,48.96,0.2344549298286438,0.4660758674144745,0.23162095248699188,74.4921414903924,31.38643975263688,6.0,6.0
111,decrease,48.96,0.276669979095459,0.025505954399704933,-0.2511640191078186,74.02714098738373,31.335668644903407,3.0,3.0
112,increase,48.24,0.3003607988357544,0.5837817192077637,0.2834208905696869,74.4658427316268,31.664546205935792,3.0,3.0
113,decrease,48.24,0.45210254192352295,0.21579968929290771,-0.23630288243293762,74.23027449350626,31.34562309354149,3.0,3.0
114,increase,47.88,0.14497141540050507,0.3505519926548004,0.20558060705661774,74.4144181492775,31.3232205507306,3.0,3.0
115,increase,47.52,0.17199428379535675,0.4110333323478699,0.2390390932559967,74.23016289297547,31.552963039298497,3.0,3.0
116,increase,47.52,0.156833216547966,0.3825360834598541,0.22570286691188812,74.39266844167615,31.284404757982635,3.0,3.0
117,increase,47.16,0.2225913405418396,0.48767656087875366,0.2650851905345917,74.34169610538002,31.338642038889045,3.0,3.0
118,increase,46.8,0.26077353954315186,0.4880532920360565,0.22727975249290466,74.39305833200063,31.544089588803672,3.0,3.0
119,decrease,46.8,0.40524715185165405,0.16535376012325287,-0.23989340662956238,74.34166958485706,31.423259024964487,3.0,3.0
120,increase,46.44,0.2470274269580841,0.4658433198928833,0.2188159078359604,74.57187773703247,31.447263047176698,6.0,6.0
121,increase,46.44,0.2631252706050873,0.4773552417755127,0.21422997117042542,74.24974414967949,31.235089700766263,3.0,3.0
122,decrease,46.08,0.5216997861862183,0.2800821363925934,-0.24161767959594727,74.32104881952941,31.403481112545098,3.0,3.0
123,decrease,45.72,0.46688470244407654,0.22747430205345154,-0.239410400390625,74.4640797657659,31.538395342708384,3.0,3.0
124,increase,44.64,0.2401581108570099,0.47829321026802063,0.23813506960868835,74.20744728173946,31.467376764690293,3.0,3.0
125,increase,44.64,0.18354558944702148,0.38757091760635376,0.20402532815933228,74.23835209424234,31.408362355218443,3.0,3.0
126,decrease,44.64,0.4001178741455078,0.17671389877796173,-0.22340399026870728,74.06868192404734,31.298172611771502,3.0,3.0
127,decrease,44.28,0.3883328139781952,0.17124712467193604,-0.21708567440509796,74.37438363060713,31.3582560725261,3.0,3.0
128,decrease,43.56,0.4834364950656891,0.2389848232269287,-0.24445168673992157,74.48570497957795,31.624827740394643,3.0,3.0
129,decrease,43.56,0.3256174325942993,0.09725093841552734,-0.22836650907993317,74.39937962626438,31.572420674509278,3.0,3.0
130,decrease,43.56,0.5069129467010498,0.23299655318260193,-0.2739163637161255,74.4632410184982,31.529514198231155,3.0,3.0
131,decrease,43.2,0.43544909358024597,0.18234838545322418,-0.2531006932258606,74.43012411556663,31.608832853412924,3.0,3.0
132,decrease,43.2,0.19187623262405396,-0.06285135447978973,-0.2547275722026825,74.12835174670838,31.361197457673594,3.0,3.0
133,increase,43.2,0.271573543548584,0.5361835956573486,0.26461008191108704,74.27627317932253,31.240778554849037,3.0,3.0
134,decrease,42.84,0.36468544602394104,0.1284293234348297,-0.23625613749027252,74.420251581403,31.597026999479432,3.0,3.0
135,increase,42.84,0.22776365280151367,0.45054760575294495,0.22278401255607605,74.54910109584411,31.49799481957834,6.0,6.0
136,decrease,42.84,0.4112859070301056,0.17710468173027039,-0.23418129980564117,74.25410445342189,31.450493165679962,3.0,3.0
137,decrease,42.84,0.40969687700271606,0.178702712059021,-0.23099415004253387,74.1573946072182,31.42102098472902,3.0,3.0
138,increase,41.4,0.21727722883224487,0.43171533942222595,0.2144380658864975,74.4858804678103,31.501171560331603,4.0,4.0
139,increase,41.04,0.24352510273456573,0.497455358505249,0.2539302706718445,74.47168812230693,31.46756097756664,3.0,3.0
140,increase,41.04,0.20111194252967834,0.4202522039413452,0.21914024651050568,74.46979407471345,31.42809191115434,5.0,4.0
141,increase,41.04,0.24517279863357544,0.44941645860671997,0.20424361526966095,74.29661206881497,31.27445186549389,3.0,3.0
142,decrease,40.68,0.5775828957557678,0.3149012625217438,-0.2626816928386688,74.4941203692379,31.663347953456988,3.0,3.0
143,decrease,40.68,0.45637914538383484,0.24120940268039703,-0.2151697427034378,74.49708982771526,31.615329822497895,3.0,3.0
144,decrease,40.68,0.44876495003700256,0.23174676299095154,-0.21701812744140625,74.25472773494995,31.350330095708944,3.0,3.0
145,increase,40.68,0.14537307620048523,0.352630078792572,0.2072570025920868,74.18905537469804,31.323406183030944,3.0,3.0
146,decrease,40.32,0.41857871413230896,0.14734719693660736,-0.2712315022945404,74.41952406789115,31.610795780160746,3.0,3.0
147,increase,40.32,0.28611278533935547,0.5177305936813354,0.23161780834197998,74.23690110589683,31.24667183236197,3.0,3.0
148,increase,39.96,0.1529920995235443,0.3565075099468231,0.20351536571979523,74.40825715514441,31.369707876552166,3.0,3.0
149,decrease,39.96,0.41789451241493225,0.17609745264053345,-0.24179713428020477,74.16267717835923,31.340039155746613,3.0,3.0
150,decrease,39.6,0.5222436189651489,0.20482800900936127,-0.31741565465927124,74.18225086986477,31.395385081580535,3.0,3.0
151,decrease,39.6,0.4337324798107147,0.21392428874969482,-0.21980822086334229,74.3059281034279,31.3461039400907,3.0,3.0
152,decrease,39.24,0.46417003870010376,0.21543912589550018,-0.24873092770576477,74.25258669679786,31.37188464862703,3.0,3.0
153,increase,38.88,0.21831509470939636,0.47885286808013916,0.2605377435684204,74.3122368034136,31.302552383336042,3.0,3.0
154,decrease,38.52,0.4153989851474762,0.15246526896953583,-0.2629337012767792,74.34248093320505,31.63121572062765,3.0,3.0
155,increase,38.52,0.08419343829154968,0.30994927883148193,0.22575584053993225,74.2817949839975,31.600665804604667,3.0,3.0
156,decrease,38.52,0.5331329703330994,0.3157334327697754,-0.21739952266216278,74.49769785495495,31.517365020367976,5.0,4.0
157,increase,38.52,0.2015029489994049,0.5086329579353333,0.30713000893592834,74.08341083054894,31.322244189633658,3.0,3.0
158,increase,38.16,0.1992727518081665,0.4054057002067566,0.2061329483985901,74.57336097889807,31.41499308477805,6.0,6.0
159,increase,38.16,0.2177540808916092,0.4742186665534973,0.2564646303653717,74.10870953527696,31.308795976761726,3.0,3.0
160,decrease,37.8,0.5347737669944763,0.27282971143722534,-0.261944055557251,74.50493469815702,31.566933585082,5.0,4.0
161,increase,37.8,0.16403134167194366,0.36992642283439636,0.2058950513601303,74.45366890800211,31.36476247000798,5.0,4.0
162,decrease,37.44,0.4858976900577545,0.2293141782283783,-0.2565835118293762,74.43679990437217,31.50857505263431,3.0,3.0
163,increase,37.44,0.2766164541244507,0.5040107369422913,0.2273942530155182,74.50396480255336,31.388866824425456,6.0,6.0
164,decrease,37.08,0.48773473501205444,0.22411607205867767,-0.26361873745918274,74.39760900057512,31.464617769127965,3.0,3.0
165,increase,36.72,0.25732535123825073,0.4682460129261017,0.21092061698436737,74.46487026352165,31.496252579046434,3.0,3.0
166,decrease,36.72,0.5133658647537231,0.2984030544757843,-0.21496284008026123,74.49487955764008,31.48591395054693,5.0,4.0
167,increase,36.72,0.2386544942855835,0.4393579363822937,0.20070341229438782,74.51514158604014,31.408255918705176,6.0,6.0
168,increase,36.72,0.19148273766040802,0.40480977296829224,0.21332697570323944,74.3694262411732,31.29762727852499,3.0,3.0
169,decrease,36.72,0.4318479299545288,0.19018703699111938,-0.24166084825992584,74.07114666896142,31.285382482805453,3.0,3.0
170,decrease,36.36,0.42220818996429443,0.14743509888648987,-0.2747730612754822,74.41046865812396,31.518000784255225,3.0,3.0
171,increase,36.36,0.2559676170349121,0.4852342903614044,0.22926664352416992,74.54010244096268,31.412798332581755,6.0,6.0
172,increase,36.36,0.2608577311038971,0.5049712061882019,0.2441134750843048,74.15727597799719,31.322459938767306,3.0,3.0
173,decrease,35.64,0.5605600476264954,0.32034412026405334,-0.2402159571647644,74.55079649651334,31.60001585972682,6.0,6.0
174,decrease,35.64,0.45552074909210205,0.21985599398612976,-0.2356647104024887,74.4323027009414,31.50242108651309,3.0,3.0
175,decrease,35.64,0.4740830361843109,0.23550669848918915,-0.238576278090477,74.44929528925519,31.487638634814488,3.0,3.0
176,decrease,35.64,0.4629310071468353,0.22992588579654694,-0.23300513625144958,74.44901415447741,31.45067845227711,3.0,3.0
177,decrease,35.64,0.4742983281612396,0.2596823275089264,-0.21461603045463562,74.3232407817224,31.37823589512258,3.0,3.0
178,increase,35.28,0.09552814811468124,0.27451592683792114,0.17898781597614288,74.39743876904545,31.455148103066424,3.0,3.0
179,increase,35.28,0.2121943086385727,0.44589146971702576,0.23369717597961426,74.47577211401904,31.38076460605313,6.0,5.0
180,decrease,35.28,0.22110076248645782,0.008058733306825161,-0.2130420207977295,74.06707139716598,31.319912683022572,3.0,3.0
181,increase,35.28,0.23103919625282288,0.4632020592689514,0.23216283321380615,74.01855749014378,31.313585315131245,3.0,3.0
182,decrease,34.92,0.24286723136901855,-0.027851279824972153,-0.2707184851169586,74.20127916052385,31.476335837130296,3.0,3.0
183,decrease,34.92,0.4294096827507019,0.17231933772563934,-0.25709038972854614,74.09780541248405,31.325119997379197,3.0,3.0
184,decrease,34.56,0.42732349038124084,0.17575247585773468,-0.25157102942466736,74.32302274194915,31.612161432316224,3.0,3.0
185,increase,34.56,0.23674644529819489,0.4479297697544098,0.2111833095550537,74.29806052349662,31.378187695916758,3.0,3.0
186,decrease,34.56,0.27068182826042175,0.045578017830848694,-0.22510381042957306,74.1419035072054,31.367832302306134,3.0,3.0
187,increase,34.2,0.20216161012649536,0.4622877836227417,0.26012611389160156,74.52237404233472,31.619020638289133,5.0,4.0
188,decrease,34.2,0.21974356472492218,0.003700778353959322,-0.21604277193546295,74.27483511385333,31.587860010174207,3.0,3.0
189,decrease,34.2,0.4211360812187195,0.18271532654762268,-0.23842066526412964,74.34778274408123,31.386101020557398,3.0,3.0
190,decrease,34.2,0.3514231741428375,0.1526259332895279,-0.19879727065563202,74.35805488235414,31.381770856010146,3.0,3.0
191,increase,34.2,0.19621890783309937,0.4103165566921234,0.21409761905670166,74.31991112023918,31.3408935710634,3.0,3.0
192,decrease,33.84,0.5319761633872986,0.28565946221351624,-0.24631667137145996,74.52957617203623,31.59848032820878,6.0,5.0
193,decrease,33.84,0.5438918471336365,0.2993934452533722,-0.24449829757213593,74.12351815647197,31.280095153093583,3.0,3.0
194,increase,33.48,0.159128800034523,0.36687490344047546,0.20774607360363007,74.4687666823653,31.375713343647792,5.0,5.0
195,decrease,33.48,0.4377962648868561,0.19384875893592834,-0.24394747614860535,74.07824436065405,31.26638115703889,3.0,3.0
196,decrease,33.12,0.48065122961997986,0.12704963982105255,-0.3536016643047333,74.22839422391489,31.508293469278367,3.0,3.0
197,decrease,33.12,0.41164591908454895,0.1962106078863144,-0.21543525159358978,74.43466496754888,31.460573963716673,3.0,3.0
198,decrease,32.76,0.4977260231971741,0.2499382495880127,-0.2477877289056778,74.44746924683744,31.62409307498522,3.0,3.0
199,decrease,32.76,0.36649012565612793,0.1463010013103485,-0.22018907964229584,74.48108462184821,31.578619370446738,3.0,3.0
200,increase,32.76,0.16766397655010223,0.37623026967048645,0.20856626331806183,74.3496352726101,31.4775264005263,3.0,3.0
